block,month,production_kg,rev_export,rev_kapi,rev_domestic,rev_totalUSD,personnel_ex770,pool770_share,fertilizer,sarf,gen_710,gen_720,gen_730,gen_750,gen_760,gen_770manual,yonetim770,general_total,expense_total
Dusak-A,01,402727.76,334190.74,75310.09,241636.66,409500.84,0,0,180,0,0,0,10,,98379.65,0,0,98389.65,98569.65
Dusak-A,02,252031.41,272705.65,92818.13,151218.85,365523.78,0,0,180,0,0,0,0,,34675.3,0,0,34675.3,34855.3
Dusak-A,03,356118.53,447691.42,120590.28,213671.12,568281.7,0,0,200,0,0,0,0,,48995.94,0,0,48995.94,49195.94
Dusak-A,04,639565.74,530110.25,185729.89,383739.44,715840.15,0,0,120,0,0,0,0,,87993.53,0,0,87993.53,88113.53
Dusak-A,05,693757.32,304741.92,74925.79,867196.65,379667.71,0,0,160,0,0,0,0,,85728.69,0,0,85728.69,85888.69
Dusak-A,06,463402.15,142752.52,13253.3,324381.5,156005.82,0,0,140,0,0,0,0,,52268.69,0,0,52268.69,52408.69
Dusak-A,07,0,0,0,0,0,0,0,0,15130,0,0,0,,0,0,0,0,15130
Dusak-A,08,0,0,0,0,0,0,0,0,0,0,0,0,,0,0,0,0,0
Dusak-A,09,0,0,0,0,0,0,0,0,0,0,0,0,,0,0,0,0,0
Dusak-A,10,0,0,0,0,0,0,0,0,0,0,0,0,,0,0,0,0,0
Dusak-A,11,0,0,0,0,0,0,0,0,0,0,0,0,,0,0,0,0,0
Dusak-A,12,0,0,0,0,0,0,0,0,0,0,0,0,,0,0,0,0,0
Dusak-B,01,236416.56,196182.72,44209.9,141849.94,240392.61,0,0,900,0,0,0,129608.4,,57752.61,0,0,187361.01,188261.01
Dusak-B,02,262530.15,284065.6,96684.6,157518.09,380750.21,0,0,504,0,0,0,176210.4,,36119.75,0,0,212330.15,212834.15
Dusak-B,03,289884.67,364426.08,98161.91,173930.8,462587.98,0,0,756,0,0,0,224641.2,,39883.27,0,0,264524.47,265280.47
Dusak-B,04,572279.45,474339.36,166189.95,343367.67,640529.31,0,0,312,0,0,0,180249.6,,78736.07,0,0,258985.67,259297.67
Dusak-B,05,735491.79,323074.33,79433.11,919364.74,402507.44,0,0,2400,0,0,0,193401.6,,90885.88,0,0,284287.48,286687.48
Dusak-B,06,387605.14,119403,11085.51,271323.6,130488.51,0,0,4800,0,0,0,186355.2,,43719.29,0,0,230074.49,234874.49
Dusak-B,07,0,0,0,0,0,0,0,48,1320,0,0,0,,0,0,0,0,1368
Dusak-B,08,0,0,0,0,0,0,0,0,16836,0,0,0,,0,0,0,0,16836
Dusak-B,09,0,0,0,0,0,0,0,0,0,0,0,0,,0,0,0,0,0
Dusak-B,10,0,0,0,0,0,0,0,0,0,0,0,0,,0,0,0,0,0
Dusak-B,11,0,0,0,0,0,0,0,0,0,0,0,0,,0,0,0,0,0
Dusak-B,12,0,0,0,0,0,0,0,0,0,0,0,0,,0,0,0,0,0
Dusak-C,01,227333.13,188645.12,42511.3,136399.88,231156.42,0,0,900,0,0,0,129608.4,,55533.68,0,0,185142.08,186042.08
Dusak-C,02,230094.8,248969.57,84739.31,138056.88,333708.88,0,0,504,0,0,0,176210.4,,31657.19,0,0,207867.59,208371.59
Dusak-C,03,277976.3,349455.57,94129.45,166785.78,443585.02,0,0,756,0,0,0,224641.2,,38244.88,0,0,262886.08,263642.08
Dusak-C,04,588167.29,487508.15,170803.78,352900.37,658311.93,0,0,312,0,0,0,180249.6,,80921.97,0,0,261171.57,261483.57
Dusak-C,05,641354.11,281723.13,69266.24,801692.64,350989.37,0,0,2400,0,0,0,193401.6,,79253.14,0,0,272654.74,275054.74
Dusak-C,06,464287.39,143025.22,13278.62,325001.17,156303.84,0,0,4800,0,0,0,186355.2,,52368.54,0,0,238723.74,243523.74
Dusak-C,07,0,0,0,0,0,0,0,48,18156,0,0,0,,0,0,0,0,18204
Dusak-C,08,0,0,0,0,0,0,0,0,0,0,0,0,,0,0,0,0,0
Dusak-C,09,0,0,0,0,0,0,0,0,0,0,0,0,,0,0,0,0,0
Dusak-C,10,0,0,0,0,0,0,0,0,0,0,0,0,,0,0,0,0,0
Dusak-C,11,0,0,0,0,0,0,0,0,0,0,0,0,,0,0,0,0,0
Dusak-C,12,0,0,0,0,0,0,0,0,0,0,0,0,,0,0,0,0,0
Dusak-1,01,0,0,0,0,0,0,0,750,0,0,0,108007,,0,0,0,108007,108757
Dusak-1,02,0,0,0,0,0,0,0,420,0,0,0,146842,,0,0,0,146842,147262
Dusak-1,03,0,0,0,0,0,0,0,630,0,0,0,187201,,0,0,0,187201,187831
Dusak-1,04,0,0,0,0,0,0,0,260,0,0,0,150208,,0,0,0,150208,150468
Dusak-1,05,0,0,0,0,0,0,0,2000,0,0,0,161168,,0,0,0,161168,163168
Dusak-1,06,0,0,0,0,0,0,0,4000,0,0,0,155296,,0,0,0,155296,159296
Dusak-1,07,0,0,0,0,0,0,0,40,15130,0,0,0,,0,0,0,0,15170
Dusak-1,08,0,0,0,0,0,0,0,0,0,0,0,0,,0,0,0,0,0
Dusak-1,09,0,0,0,0,0,0,0,0,0,0,0,0,,0,0,0,0,0
Dusak-1,10,0,0,0,0,0,0,0,0,0,0,0,0,,0,0,0,0,0
Dusak-1,11,0,0,0,0,0,0,0,0,0,0,0,0,,0,0,0,0,0
Dusak-1,12,0,0,0,0,0,0,0,0,0,0,0,0,,0,0,0,0,0
Dusak-2,01,0,0,0,0,0,0,0,750,0,0,0,108007,,0,0,0,108007,108757
Dusak-2,02,0,0,0,0,0,0,0,420,0,0,0,146842,,0,0,0,146842,147262
Dusak-2,03,0,0,0,0,0,0,0,630,0,0,0,187201,,0,0,0,187201,187831
Dusak-2,04,0,0,0,0,0,0,0,260,0,0,0,150208,,0,0,0,150208,150468
Dusak-2,05,0,0,0,0,0,0,0,2000,0,0,0,161168,,0,0,0,161168,163168
Dusak-2,06,0,0,0,0,0,0,0,4000,0,0,0,155296,,0,0,0,155296,159296
Dusak-2,07,0,0,0,0,0,0,0,40,15130,0,0,0,,0,0,0,0,15170
Dusak-2,08,0,0,0,0,0,0,0,0,0,0,0,0,,0,0,0,0,0
Dusak-2,09,0,0,0,0,0,0,0,0,0,0,0,0,,0,0,0,0,0
Dusak-2,10,0,0,0,0,0,0,0,0,0,0,0,0,,0,0,0,0,0
Dusak-2,11,0,0,0,0,0,0,0,0,0,0,0,0,,0,0,0,0,0
Dusak-2,12,0,0,0,0,0,0,0,0,0,0,0,0,,0,0,0,0,0
Dusak-3,01,0,0,0,0,0,0,0,750,0,0,0,108007,,0,0,0,108007,108757
Dusak-3,02,0,0,0,0,0,0,0,420,0,0,0,146842,,0,0,0,146842,147262
Dusak-3,03,0,0,0,0,0,0,0,630,0,0,0,187201,,0,0,0,187201,187831
Dusak-3,04,0,0,0,0,0,0,0,260,0,0,0,150208,,0,0,0,150208,150468
Dusak-3,05,0,0,0,0,0,0,0,2000,0,0,0,161168,,0,0,0,161168,163168
Dusak-3,06,0,0,0,0,0,0,0,4000,0,0,0,155296,,0,0,0,155296,159296
Dusak-3,07,0,0,0,0,0,0,0,40,15130,0,0,0,,0,0,0,0,15170
Dusak-3,08,0,0,0,0,0,0,0,0,0,0,0,0,,0,0,0,0,0
Dusak-3,09,0,0,0,0,0,0,0,0,0,0,0,0,,0,0,0,0,0
Dusak-3,10,0,0,0,0,0,0,0,0,0,0,0,0,,0,0,0,0,0
Dusak-3,11,0,0,0,0,0,0,0,0,0,0,0,0,,0,0,0,0,0
Dusak-3,12,0,0,0,0,0,0,0,0,0,0,0,0,,0,0,0,0,0
Dusak-4,01,0,0,0,0,0,0,0,750,0,0,0,108007,,0,0,0,108007,108757
Dusak-4,02,0,0,0,0,0,0,0,420,0,0,0,146842,,0,0,0,146842,147262
Dusak-4,03,0,0,0,0,0,0,0,630,0,0,0,187201,,0,0,0,187201,187831
Dusak-4,04,0,0,0,0,0,0,0,260,0,0,0,150208,,0,0,0,150208,150468
Dusak-4,05,0,0,0,0,0,0,0,2000,0,0,0,161168,,0,0,0,161168,163168
Dusak-4,06,0,0,0,0,0,0,0,4000,0,0,0,155296,,0,0,0,155296,159296
Dusak-4,07,0,0,0,0,0,0,0,40,15130,0,0,0,,0,0,0,0,15170
Dusak-4,08,0,0,0,0,0,0,0,0,0,0,0,0,,0,0,0,0,0
Dusak-4,09,0,0,0,0,0,0,0,0,0,0,0,0,,0,0,0,0,0
Dusak-4,10,0,0,0,0,0,0,0,0,0,0,0,0,,0,0,0,0,0
Dusak-4,11,0,0,0,0,0,0,0,0,0,0,0,0,,0,0,0,0,0
Dusak-4,12,0,0,0,0,0,0,0,0,0,0,0,0,,0,0,0,0,0
Dusak-5,01,0,0,0,0,0,0,0,750,0,0,0,108007,,0,0,0,108007,108757
Dusak-5,02,0,0,0,0,0,0,0,420,0,0,0,146842,,0,0,0,146842,147262
Dusak-5,03,0,0,0,0,0,0,0,630,0,0,0,187201,,0,0,0,187201,187831
Dusak-5,04,0,0,0,0,0,0,0,260,0,0,0,150208,,0,0,0,150208,150468
Dusak-5,05,0,0,0,0,0,0,0,2000,0,0,0,161168,,0,0,0,161168,163168
Dusak-5,06,0,0,0,0,0,0,0,4000,0,0,0,155296,,0,0,0,155296,159296
Dusak-5,07,0,0,0,0,0,0,0,40,15130,0,0,0,,0,0,0,0,15170
Dusak-5,08,0,0,0,0,0,0,0,0,0,0,0,0,,0,0,0,0,0
Dusak-5,09,0,0,0,0,0,0,0,0,0,0,0,0,,0,0,0,0,0
Dusak-5,10,0,0,0,0,0,0,0,0,0,0,0,0,,0,0,0,0,0
Dusak-5,11,0,0,0,0,0,0,0,0,0,0,0,0,,0,0,0,0,0
Dusak-5,12,0,0,0,0,0,0,0,0,0,0,0,0,,0,0,0,0,0
Dusak-6,01,0,0,0,0,0,0,0,750,0,0,0,108007,,0,0,0,108007,108757
Dusak-6,02,0,0,0,0,0,0,0,420,0,0,0,146842,,0,0,0,146842,147262
Dusak-6,03,0,0,0,0,0,0,0,630,0,0,0,187201,,0,0,0,187201,187831
Dusak-6,04,0,0,0,0,0,0,0,260,0,0,0,150208,,0,0,0,150208,150468
Dusak-6,05,0,0,0,0,0,0,0,2000,0,0,0,161168,,0,0,0,161168,163168
Dusak-6,06,0,0,0,0,0,0,0,4000,0,0,0,155296,,0,0,0,155296,159296
Dusak-6,07,0,0,0,0,0,0,0,40,15130,0,0,0,,0,0,0,0,15170
Dusak-6,08,0,0,0,0,0,0,0,0,0,0,0,0,,0,0,0,0,0
Dusak-6,09,0,0,0,0,0,0,0,0,0,0,0,0,,0,0,0,0,0
Dusak-6,10,0,0,0,0,0,0,0,0,0,0,0,0,,0,0,0,0,0
Dusak-6,11,0,0,0,0,0,0,0,0,0,0,0,0,,0,0,0,0,0
Dusak-6,12,0,0,0,0,0,0,0,0,0,0,0,0,,0,0,0,0,0
Dusak-7,01,0,0,0,0,0,0,0,750,0,0,0,108007,,0,0,0,108007,108757
Dusak-7,02,0,0,0,0,0,0,0,420,0,0,0,146842,,0,0,0,146842,147262
Dusak-7,03,0,0,0,0,0,0,0,630,0,0,0,187201,,0,0,0,187201,187831
Dusak-7,04,0,0,0,0,0,0,0,260,0,0,0,150208,,0,0,0,150208,150468
Dusak-7,05,0,0,0,0,0,0,0,2000,0,0,0,161168,,0,0,0,161168,163168
Dusak-7,06,0,0,0,0,0,0,0,4000,0,0,0,155296,,0,0,0,155296,159296
Dusak-7,07,0,0,0,0,0,0,0,40,15130,0,0,0,,0,0,0,0,15170
Dusak-7,08,0,0,0,0,0,0,0,0,0,0,0,0,,0,0,0,0,0
Dusak-7,09,0,0,0,0,0,0,0,0,0,0,0,0,,0,0,0,0,0
Dusak-7,10,0,0,0,0,0,0,0,0,0,0,0,0,,0,0,0,0,0
Dusak-7,11,0,0,0,0,0,0,0,0,0,0,0,0,,0,0,0,0,0
Dusak-7,12,0,0,0,0,0,0,0,0,0,0,0,0,,0,0,0,0,0
Dusak-8,01,0,0,0,0,0,0,0,750,0,0,0,108007,,0,0,0,108007,108757
Dusak-8,02,0,0,0,0,0,0,0,420,0,0,0,146842,,0,0,0,146842,147262
Dusak-8,03,0,0,0,0,0,0,0,630,0,0,0,187201,,0,0,0,187201,187831
Dusak-8,04,0,0,0,0,0,0,0,260,0,0,0,150208,,0,0,0,150208,150468
Dusak-8,05,0,0,0,0,0,0,0,2000,0,0,0,161168,,0,0,0,161168,163168
Dusak-8,06,0,0,0,0,0,0,0,4000,0,0,0,155296,,0,0,0,155296,159296
Dusak-8,07,0,0,0,0,0,0,0,40,15130,0,0,0,,0,0,0,0,15170
Dusak-8,08,0,0,0,0,0,0,0,0,0,0,0,0,,0,0,0,0,0
Dusak-8,09,0,0,0,0,0,0,0,0,0,0,0,0,,0,0,0,0,0
Dusak-8,10,0,0,0,0,0,0,0,0,0,0,0,0,,0,0,0,0,0
Dusak-8,11,0,0,0,0,0,0,0,0,0,0,0,0,,0,0,0,0,0
Dusak-8,12,0,0,0,0,0,0,0,0,0,0,0,0,,0,0,0,0,0
Dusak-9,01,0,0,0,0,0,0,0,750,0,0,0,108007,,0,0,0,108007,108757
Dusak-9,02,0,0,0,0,0,0,0,420,0,0,0,146842,,0,0,0,146842,147262
Dusak-9,03,0,0,0,0,0,0,0,630,0,0,0,187201,,0,0,0,187201,187831
Dusak-9,04,0,0,0,0,0,0,0,260,0,0,0,150208,,0,0,0,150208,150468
Dusak-9,05,0,0,0,0,0,0,0,2000,0,0,0,161168,,0,0,0,161168,163168
Dusak-9,06,0,0,0,0,0,0,0,4000,0,0,0,155296,,0,0,0,155296,159296
Dusak-9,07,0,0,0,0,0,0,0,40,15130,0,0,0,,0,0,0,0,15170
Dusak-9,08,0,0,0,0,0,0,0,0,0,0,0,0,,0,0,0,0,0
Dusak-9,09,0,0,0,0,0,0,0,0,0,0,0,0,,0,0,0,0,0
Dusak-9,10,0,0,0,0,0,0,0,0,0,0,0,0,,0,0,0,0,0
Dusak-9,11,0,0,0,0,0,0,0,0,0,0,0,0,,0,0,0,0,0
Dusak-9,12,0,0,0,0,0,0,0,0,0,0,0,0,,0,0,0,0,0
Dusak-10,01,0,0,0,0,0,0,0,750,0,0,0,108007,,0,0,0,108007,108757
Dusak-10,02,0,0,0,0,0,0,0,420,0,0,0,146842,,0,0,0,146842,147262
Dusak-10,03,0,0,0,0,0,0,0,630,0,0,0,187201,,0,0,0,187201,187831
Dusak-10,04,0,0,0,0,0,0,0,260,0,0,0,150208,,0,0,0,150208,150468
Dusak-10,05,0,0,0,0,0,0,0,2000,0,0,0,161168,,0,0,0,161168,163168
Dusak-10,06,0,0,0,0,0,0,0,4000,0,0,0,155296,,0,0,0,155296,159296
Dusak-10,07,0,0,0,0,0,0,0,40,15130,0,0,0,,0,0,0,0,15170
Dusak-10,08,0,0,0,0,0,0,0,0,0,0,0,0,,0,0,0,0,0
Dusak-10,09,0,0,0,0,0,0,0,0,0,0,0,0,,0,0,0,0,0
Dusak-10,10,0,0,0,0,0,0,0,0,0,0,0,0,,0,0,0,0,0
Dusak-10,11,0,0,0,0,0,0,0,0,0,0,0,0,,0,0,0,0,0
Dusak-10,12,0,0,0,0,0,0,0,0,0,0,0,0,,0,0,0,0,0
Kaka-D,01,543662,451140.51,101664.79,326197.2,552805.31,0,0,360,0,0,0,20,,132807.52,0,0,132827.52,133187.52
Kaka-D,02,700537,758002.33,257993.77,420322.2,1015996.1,0,0,360,0,0,0,0,,96382.16,0,0,96382.16,96742.16
Kaka-D,03,784396,986096.84,265615.31,470637.6,1251712.15,0,0,400,0,0,0,0,,107919.75,0,0,107919.75,108319.75
Kaka-D,04,1193528,989267.24,346600.53,716116.8,1335867.77,0,0,240,0,0,0,0,,164209.46,0,0,164209.46,164449.46
Kaka-D,05,1452911,638210.04,156914.39,1816138.75,795124.43,0,0,320,0,0,0,0,,179538.51,0,0,179538.51,179858.51
Kaka-D,06,572253,176284.37,16366.44,400577.1,192650.8,0,0,280,0,0,0,0,,64546.35,0,0,64546.35,64826.35
Kaka-D,07,0,0,0,0,0,0,0,0,30260,0,0,0,,0,0,0,0,30260
Kaka-D,08,0,0,0,0,0,0,0,0,0,0,0,0,,0,0,0,0,0
Kaka-D,09,0,0,0,0,0,0,0,0,0,0,0,0,,0,0,0,0,0
Kaka-D,10,0,0,0,0,0,0,0,0,0,0,0,0,,0,0,0,0,0
Kaka-D,11,0,0,0,0,0,0,0,0,0,0,0,0,,0,0,0,0,0
Kaka-D,12,0,0,0,0,0,0,0,0,0,0,0,0,,0,0,0,0,0
Kaka-E,01,558025.96,463059.99,104350.85,334815.58,567410.84,0,0,360,0,0,0,20,,136316.39,0,0,136336.39,136696.39
Kaka-E,02,536189.61,580173.46,197467.91,321713.77,777641.37,0,0,360,0,0,0,0,,73770.71,0,0,73770.71,74130.71
Kaka-E,03,544920.14,685041.78,184523.04,326952.08,869564.81,0,0,400,0,0,0,0,,74971.88,0,0,74971.88,75371.88
Kaka-E,04,1026340.67,850692.4,298049.33,615804.4,1148741.73,0,0,240,0,0,0,0,,141207.28,0,0,141207.28,141447.28
Kaka-E,05,1227983.51,539407.72,132622.22,1534979.39,672029.94,0,0,320,0,0,0,0,,151743.86,0,0,151743.86,152063.86
Kaka-E,06,986156.39,303788.63,28204.07,690309.47,331992.7,0,0,280,0,0,0,0,,111231.91,0,0,111231.91,111511.91
Kaka-E,07,0,0,0,0,0,0,0,0,30260,0,0,0,,0,0,0,0,30260
Kaka-E,08,0,0,0,0,0,0,0,0,0,0,0,0,,0,0,0,0,0
Kaka-E,09,0,0,0,0,0,0,0,0,0,0,0,0,,0,0,0,0,0
Kaka-E,10,0,0,0,0,0,0,0,0,0,0,0,0,,0,0,0,0,0
Kaka-E,11,0,0,0,0,0,0,0,0,0,0,0,0,,0,0,0,0,0
Kaka-E,12,0,0,0,0,0,0,0,0,0,0,0,0,,0,0,0,0,0
Kaka-F,01,551816.94,457907.63,103189.77,331090.16,561097.4,0,0,360,0,0,0,20,,134799.63,0,0,134819.63,135179.63
Kaka-F,02,711045.06,769372.37,261863.67,426627.04,1031236.05,0,0,360,0,0,0,0,,97827.89,0,0,97827.89,98187.89
Kaka-F,03,796161.95,1000888.31,269599.54,477697.17,1270487.85,0,0,400,0,0,0,0,,109538.55,0,0,109538.55,109938.55
Kaka-F,04,1211430.93,1004106.25,351799.54,726858.56,1355905.8,0,0,240,0,0,0,0,,166672.6,0,0,166672.6,166912.6
Kaka-F,05,1474704.67,647783.2,159268.1,1843380.84,807051.3,0,0,320,0,0,0,0,,182231.59,0,0,182231.59,182551.59
Kaka-F,06,786561.07,242302.65,22495.65,550592.75,264798.3,0,0,280,0,0,0,0,,88718.88,0,0,88718.88,88998.88
Kaka-F,07,0,0,0,0,0,0,0,0,30260,0,0,0,,0,0,0,0,30260
Kaka-F,08,0,0,0,0,0,0,0,0,0,0,0,0,,0,0,0,0,0
Kaka-F,09,0,0,0,0,0,0,0,0,0,0,0,0,,0,0,0,0,0
Kaka-F,10,0,0,0,0,0,0,0,0,0,0,0,0,,0,0,0,0,0
Kaka-F,11,0,0,0,0,0,0,0,0,0,0,0,0,,0,0,0,0,0
Kaka-F,12,0,0,0,0,0,0,0,0,0,0,0,0,,0,0,0,0,0
Kaka-G,01,707387,587002.47,132281.37,424432.2,719283.83,0,0,360,0,0,0,20,,172802.79,0,0,172822.79,173182.79
Kaka-G,02,637509,689804.12,234781.81,382505.4,924585.93,0,0,360,0,0,0,0,,87710.56,0,0,87710.56,88070.56
Kaka-G,03,801162,1007174.08,271292.68,480697.2,1278466.76,0,0,400,0,0,0,0,,110226.47,0,0,110226.47,110626.47
Kaka-G,04,1304405,1081168.71,378799.21,782643,1459967.92,0,0,240,0,0,0,0,,179464.28,0,0,179464.28,179704.28
Kaka-G,05,1499574,658707.37,161953.99,1874467.5,820661.37,0,0,320,0,0,0,0,,185304.73,0,0,185304.73,185624.73
Kaka-G,06,667867,205738.57,19101,467506.9,224839.56,0,0,280,0,0,0,0,,75330.97,0,0,75330.97,75610.97
Kaka-G,07,0,0,0,0,0,0,0,0,30260,0,0,0,,0,0,0,0,30260
Kaka-G,08,0,0,0,0,0,0,0,0,0,0,0,0,,0,0,0,0,0
Kaka-G,09,0,0,0,0,0,0,0,0,0,0,0,0,,0,0,0,0,0
Kaka-G,10,0,0,0,0,0,0,0,0,0,0,0,0,,0,0,0,0,0
Kaka-G,11,0,0,0,0,0,0,0,0,0,0,0,0,,0,0,0,0,0
Kaka-G,12,0,0,0,0,0,0,0,0,0,0,0,0,,0,0,0,0,0
Kaka-H,01,402557,334049.04,75278.16,241534.2,409327.2,0,0,360,0,0,0,20,,98337.93,0,0,98357.93,98717.93
Kaka-H,02,484469,524210.19,178420.24,290681.4,702630.43,0,0,360,0,0,0,0,,66654.82,0,0,66654.82,67014.82
Kaka-H,03,620987,780668.59,210281.1,372592.2,990949.69,0,0,400,0,0,0,0,,85437.41,0,0,85437.41,85837.41
Kaka-H,04,1239214,1027134.52,359867.75,743528.4,1387002.27,0,0,240,0,0,0,0,,170495.09,0,0,170495.09,170735.09
Kaka-H,05,1315945,578045.95,142122.06,1644931.25,720168.01,0,0,320,0,0,0,0,,162613.4,0,0,162613.4,162933.4
Kaka-H,06,997164,307179.56,28518.89,698014.8,335698.45,0,0,280,0,0,0,0,,112473.49,0,0,112473.49,112753.49
Kaka-H,07,0,0,0,0,0,0,0,0,30260,0,0,0,,0,0,0,0,30260
Kaka-H,08,0,0,0,0,0,0,0,0,0,0,0,0,,0,0,0,0,0
Kaka-H,09,0,0,0,0,0,0,0,0,0,0,0,0,,0,0,0,0,0
Kaka-H,10,0,0,0,0,0,0,0,0,0,0,0,0,,0,0,0,0,0
Kaka-H,11,0,0,0,0,0,0,0,0,0,0,0,0,,0,0,0,0,0
Kaka-H,12,0,0,0,0,0,0,0,0,0,0,0,0,,0,0,0,0,0
Kaka-I,01,565909.6,469601.97,105825.1,339545.76,575427.07,0,0,360,0,0,0,20,,138242.24,0,0,138262.24,138622.24
Kaka-I,02,510007.2,551843.29,187825.45,306004.32,739668.75,0,0,360,0,0,0,0,,70168.45,0,0,70168.45,70528.45
Kaka-I,03,640929.6,805739.26,217034.14,384557.76,1022773.41,0,0,400,0,0,0,0,,88181.18,0,0,88181.18,88581.18
Kaka-I,04,1043524,864934.97,303039.37,626114.4,1167974.34,0,0,240,0,0,0,0,,143571.42,0,0,143571.42,143811.42
Kaka-I,05,1199659.2,526965.9,129563.19,1499574,656529.09,0,0,320,0,0,0,0,,148243.78,0,0,148243.78,148563.78
Kaka-I,06,534293.6,164590.85,15280.8,374005.52,179871.65,0,0,280,0,0,0,0,,60264.78,0,0,60264.78,60544.78
Kaka-I,07,0,0,0,0,0,0,0,0,30260,0,0,0,,0,0,0,0,30260
Kaka-I,08,0,0,0,0,0,0,0,0,0,0,0,0,,0,0,0,0,0
Kaka-I,09,0,0,0,0,0,0,0,0,0,0,0,0,,0,0,0,0,0
Kaka-I,10,0,0,0,0,0,0,0,0,0,0,0,0,,0,0,0,0,0
Kaka-I,11,0,0,0,0,0,0,0,0,0,0,0,0,,0,0,0,0,0
Kaka-I,12,0,0,0,0,0,0,0,0,0,0,0,0,,0,0,0,0,0
Kaka-J,01,265843.2,220601.47,49712.68,159505.92,270314.15,0,0,360,0,0,0,20,,64941.04,0,0,64961.04,65321.04
Kaka-J,02,319011.84,345180.51,117485.68,191407.1,462666.19,0,0,360,0,0,0,0,,43890.69,0,0,43890.69,44250.69
Kaka-J,03,531686.4,668405.09,180041.78,319011.84,848446.87,0,0,400,0,0,0,0,,73151.14,0,0,73151.14,73551.14
Kaka-J,04,983619.84,815282.83,285643.2,590171.9,1100926.03,0,0,240,0,0,0,0,,135329.61,0,0,135329.61,135569.61
Kaka-J,05,824113.92,362002.75,89004.3,1030142.4,451007.06,0,0,320,0,0,0,0,,101837.06,0,0,101837.06,102157.06
Kaka-J,06,677900.16,208829.31,19387.94,474530.11,228217.26,0,0,280,0,0,0,0,,76462.65,0,0,76462.65,76742.65
Kaka-J,07,0,0,0,0,0,0,0,0,30260,0,0,0,,0,0,0,0,30260
Kaka-J,08,0,0,0,0,0,0,0,0,0,0,0,0,,0,0,0,0,0
Kaka-J,09,0,0,0,0,0,0,0,0,0,0,0,0,,0,0,0,0,0
Kaka-J,10,0,0,0,0,0,0,0,0,0,0,0,0,,0,0,0,0,0
Kaka-J,11,0,0,0,0,0,0,0,0,0,0,0,0,,0,0,0,0,0
Kaka-J,12,0,0,0,0,0,0,0,0,0,0,0,0,,0,0,0,0,0
Kaka-K,01,618881.37,513558.9,115730.82,371328.82,629289.72,0,0,360,0,0,0,20,,151182.35,0,0,151202.35,151562.35
Kaka-K,02,557746.25,603498.4,205406.79,334647.75,808905.19,0,0,360,0,0,0,0,,76736.54,0,0,76736.54,77096.54
Kaka-K,03,700923.59,881160.2,237349.55,420554.15,1118509.75,0,0,400,0,0,0,0,,96435.34,0,0,96435.34,96835.34
Kaka-K,04,1141202.7,945896.9,331405.26,684721.62,1277302.17,0,0,240,0,0,0,0,,157010.37,0,0,157010.37,157250.37
Kaka-K,05,1311952.87,576292.35,141690.91,1639941.09,717983.26,0,0,320,0,0,0,0,,162120.09,0,0,162120.09,162440.09
Kaka-K,06,584305.97,179997.32,16711.15,409014.18,196708.47,0,0,280,0,0,0,0,,65905.84,0,0,65905.84,66185.84
Kaka-K,07,0,0,0,0,0,0,0,0,30260,0,0,0,,0,0,0,0,30260
Kaka-K,08,0,0,0,0,0,0,0,0,0,0,0,0,,0,0,0,0,0
Kaka-K,09,0,0,0,0,0,0,0,0,0,0,0,0,,0,0,0,0,0
Kaka-K,10,0,0,0,0,0,0,0,0,0,0,0,0,,0,0,0,0,0
Kaka-K,11,0,0,0,0,0,0,0,0,0,0,0,0,,0,0,0,0,0
Kaka-K,12,0,0,0,0,0,0,0,0,0,0,0,0,,0,0,0,0,0
Kaka-L,01,618881.37,513558.9,115730.82,371328.82,629289.72,0,0,360,0,0,0,20,,151182.35,0,0,151202.35,151562.35
Kaka-L,02,557746.25,603498.4,205406.79,334647.75,808905.19,0,0,360,0,0,0,0,,76736.54,0,0,76736.54,77096.54
Kaka-L,03,700923.59,881160.2,237349.55,420554.15,1118509.75,0,0,400,0,0,0,0,,96435.34,0,0,96435.34,96835.34
Kaka-L,04,1141202.7,945896.9,331405.26,684721.62,1277302.17,0,0,240,0,0,0,0,,157010.37,0,0,157010.37,157250.37
Kaka-L,05,1311952.87,576292.35,141690.91,1639941.09,717983.26,0,0,320,0,0,0,0,,162120.09,0,0,162120.09,162440.09
Kaka-L,06,584305.97,179997.32,16711.15,409014.18,196708.47,0,0,280,0,0,0,0,,65905.84,0,0,65905.84,66185.84
Kaka-L,07,0,0,0,0,0,0,0,0,30260,0,0,0,,0,0,0,0,30260
Kaka-L,08,0,0,0,0,0,0,0,0,0,0,0,0,,0,0,0,0,0
Kaka-L,09,0,0,0,0,0,0,0,0,0,0,0,0,,0,0,0,0,0
Kaka-L,10,0,0,0,0,0,0,0,0,0,0,0,0,,0,0,0,0,0
Kaka-L,11,0,0,0,0,0,0,0,0,0,0,0,0,,0,0,0,0,0
Kaka-L,12,0,0,0,0,0,0,0,0,0,0,0,0,,0,0,0,0,0
Kaka-N,01,0,0,0,0,0,0,0,360,0,0,0,20,,0,0,0,20,380
Kaka-N,02,0,0,0,0,0,0,0,360,0,0,0,0,,0,0,0,0,360
Kaka-N,03,0,0,0,0,0,0,0,400,0,0,0,0,,0,0,0,0,400
Kaka-N,04,0,0,0,0,0,0,0,240,0,0,0,0,,0,0,0,0,240
Kaka-N,05,0,0,0,0,0,0,0,320,0,0,0,0,,0,0,0,0,320
Kaka-N,06,0,0,0,0,0,0,0,280,0,0,0,0,,0,0,0,0,280
Kaka-N,07,0,0,0,0,0,0,0,0,30260,0,0,0,,0,0,0,0,30260
Kaka-N,08,0,0,0,0,0,0,0,0,0,0,0,0,,0,0,0,0,0
Kaka-N,09,0,0,0,0,0,0,0,0,0,0,0,0,,0,0,0,0,0
Kaka-N,10,0,0,0,0,0,0,0,0,0,0,0,0,,0,0,0,0,0
Kaka-N,11,0,0,0,0,0,0,0,0,0,0,0,0,,0,0,0,0,0
Kaka-N,12,0,0,0,0,0,0,0,0,0,0,0,0,,0,0,0,0,0
Kaka-P,01,0,0,0,0,0,0,0,360,0,0,0,20,,0,0,0,20,380
Kaka-P,02,0,0,0,0,0,0,0,360,0,0,0,0,,0,0,0,0,360
Kaka-P,03,0,0,0,0,0,0,0,400,0,0,0,0,,0,0,0,0,400
Kaka-P,04,0,0,0,0,0,0,0,240,0,0,0,0,,0,0,0,0,240
Kaka-P,05,0,0,0,0,0,0,0,320,0,0,0,0,,0,0,0,0,320
Kaka-P,06,0,0,0,0,0,0,0,280,0,0,0,0,,0,0,0,0,280
Kaka-P,07,0,0,0,0,0,0,0,0,30260,0,0,0,,0,0,0,0,30260
Kaka-P,08,0,0,0,0,0,0,0,0,0,0,0,0,,0,0,0,0,0
Kaka-P,09,0,0,0,0,0,0,0,0,0,0,0,0,,0,0,0,0,0
Kaka-P,10,0,0,0,0,0,0,0,0,0,0,0,0,,0,0,0,0,0
Kaka-P,11,0,0,0,0,0,0,0,0,0,0,0,0,,0,0,0,0,0
Kaka-P,12,0,0,0,0,0,0,0,0,0,0,0,0,,0,0,0,0,0
Kaka-M15,01,303024.28,251455,56665.54,181814.57,308120.54,0,0,270,0,0,0,15,,74023.76,0,0,74038.76,74308.76
Kaka-M15,02,354492.93,383572.13,130552.66,212695.76,514124.78,0,0,270,0,0,0,0,,48772.29,0,0,48772.29,49042.29
Kaka-M15,03,445847.77,560493.78,150974.76,267508.66,711468.53,0,0,300,0,0,0,0,,61341.18,0,0,61341.18,61641.18
Kaka-M15,04,782433.52,648527.6,227218.69,469460.11,875746.29,0,0,180,0,0,0,0,,107649.74,0,0,107649.74,107829.74
Kaka-M15,05,924044.39,405898.51,99796.79,1155055.49,505695.31,0,0,240,0,0,0,0,,114185.63,0,0,114185.63,114425.63
Kaka-M15,06,558611.35,172082.01,15976.28,391027.95,188058.3,0,0,210,0,0,0,0,,63007.66,0,0,63007.66,63217.66
Kaka-M15,07,0,0,0,0,0,0,0,0,22695,0,0,0,,0,0,0,0,22695
Kaka-M15,08,0,0,0,0,0,0,0,0,0,0,0,0,,0,0,0,0,0
Kaka-M15,09,0,0,0,0,0,0,0,0,0,0,0,0,,0,0,0,0,0
Kaka-M15,10,0,0,0,0,0,0,0,0,0,0,0,0,,0,0,0,0,0
Kaka-M15,11,0,0,0,0,0,0,0,0,0,0,0,0,,0,0,0,0,0
Kaka-M15,12,0,0,0,0,0,0,0,0,0,0,0,0,,0,0,0,0,0
Kaka-M5,01,94651.2,78543.27,17699.77,56790.72,96243.04,0,0,90,0,0,0,5,,23121.7,0,0,23126.7,23216.7
Kaka-M5,02,171273.6,185323.24,63076.64,102764.16,248399.88,0,0,90,0,0,0,0,,23564.38,0,0,23564.38,23654.38
Kaka-M5,03,85636.8,107657.58,28998.68,51382.08,136656.26,0,0,100,0,0,0,0,,11782.19,0,0,11782.19,11882.19
Kaka-M5,04,175780.8,145697.62,51046.74,105468.48,196744.36,0,0,60,0,0,0,0,,24184.49,0,0,24184.49,24244.49
Kaka-M5,05,103665.6,45536.46,11195.88,129582,56732.35,0,0,80,0,0,0,0,,12810.12,0,0,12810.12,12890.12
Kaka-M5,06,22536,6942.29,644.53,15775.2,7586.82,0,0,70,0,0,0,0,,2541.91,0,0,2541.91,2611.91
Kaka-M5,07,0,0,0,0,0,0,0,0,7565,0,0,0,,0,0,0,0,7565
Kaka-M5,08,0,0,0,0,0,0,0,0,0,0,0,0,,0,0,0,0,0
Kaka-M5,09,0,0,0,0,0,0,0,0,0,0,0,0,,0,0,0,0,0
Kaka-M5,10,0,0,0,0,0,0,0,0,0,0,0,0,,0,0,0,0,0
Kaka-M5,11,0,0,0,0,0,0,0,0,0,0,0,0,,0,0,0,0,0
Kaka-M5,12,0,0,0,0,0,0,0,0,0,0,0,0,,0,0,0,0,0
Owadandepe-O,01,458094.93,380135.42,85663.75,274856.96,465799.17,0,0,360,0,0,0,20,,111904.92,0,0,111924.92,112284.92
Owadandepe-O,02,483302.87,522948.4,177990.78,289981.72,700939.18,0,0,360,0,0,0,0,,66494.38,0,0,66494.38,66854.38
Owadandepe-O,03,601961.42,756750.74,203838.58,361176.85,960589.33,0,0,400,0,0,0,0,,82819.81,0,0,82819.81,83219.81
Owadandepe-O,04,810565.01,671844.65,235388.08,486339.01,907232.73,0,0,240,0,0,0,0,,111520.17,0,0,111520.17,111760.17
Owadandepe-O,05,1121847.59,492786.14,121159.54,1402309.49,613945.68,0,0,320,0,0,0,0,,138628.48,0,0,138628.48,138948.48
Owadandepe-O,06,434470.83,133840.13,12425.87,304129.58,146266,0,0,280,0,0,0,0,,49005.43,0,0,49005.43,49285.43
Owadandepe-O,07,0,0,0,0,0,0,0,0,30260,0,0,0,,0,0,0,0,30260
Owadandepe-O,08,0,0,0,0,0,0,0,0,0,0,0,0,,0,0,0,0,0
Owadandepe-O,09,0,0,0,0,0,0,0,0,0,0,0,0,,0,0,0,0,0
Owadandepe-O,10,0,0,0,0,0,0,0,0,0,0,0,0,,0,0,0,0,0
Owadandepe-O,11,0,0,0,0,0,0,0,0,0,0,0,0,,0,0,0,0,0
Owadandepe-O,12,0,0,0,0,0,0,0,0,0,0,0,0,,0,0,0,0,0